<xml xmlns:o="urn:schemas-microsoft-com:office:office">
 <o:MainFile HRef="../Harvard%20University.htm"/>
 <o:File HRef="themedata.thmx"/>
 <o:File HRef="colorschememapping.xml"/>
 <o:File HRef="image003.jpg"/>
 <o:File HRef="image013.jpg"/>
 <o:File HRef="image005.png"/>
 <o:File HRef="image014.png"/>
 <o:File HRef="image007.jpg"/>
 <o:File HRef="image015.jpg"/>
 <o:File HRef="image009.jpg"/>
 <o:File HRef="image016.jpg"/>
 <o:File HRef="image011.jpg"/>
 <o:File HRef="image017.jpg"/>
 <o:File HRef="filelist.xml"/>
</xml>