<xml xmlns:o="urn:schemas-microsoft-com:office:office">
 <o:MainFile HRef="../The%20California%20Institute%20of%20Technology.htm"/>
 <o:File HRef="themedata.thmx"/>
 <o:File HRef="colorschememapping.xml"/>
 <o:File HRef="image001.jpg"/>
 <o:File HRef="image009.jpg"/>
 <o:File HRef="image003.png"/>
 <o:File HRef="image010.png"/>
 <o:File HRef="image005.jpg"/>
 <o:File HRef="image011.jpg"/>
 <o:File HRef="image007.jpg"/>
 <o:File HRef="image012.jpg"/>
 <o:File HRef="filelist.xml"/>
</xml>