<xml xmlns:o="urn:schemas-microsoft-com:office:office">
 <o:MainFile HRef="../Duke%20University.htm"/>
 <o:File HRef="themedata.thmx"/>
 <o:File HRef="colorschememapping.xml"/>
 <o:File HRef="image001.jpg"/>
 <o:File HRef="image003.jpg"/>
 <o:File HRef="image005.gif"/>
 <o:File HRef="image012.jpg"/>
 <o:File HRef="image007.jpg"/>
 <o:File HRef="image013.jpg"/>
 <o:File HRef="image009.jpg"/>
 <o:File HRef="image014.jpg"/>
 <o:File HRef="image011.gif"/>
 <o:File HRef="image015.png"/>
 <o:File HRef="filelist.xml"/>
</xml>